用户,塘号,位置,日期,时间,pH,氨氮,亚盐,备注
丁杰秋,1号塘,锦山镇039乡道,10.05,09:02,6.9,0.3,0.12,
丁杰秋,2号塘,锦山镇039乡道,10.05,08:59,7.0,0.2,0.05,
丁杰秋,3号塘,锦山镇039乡道,10.05,09:11,7.2,0.5,0.18,
丁杰秋,4号塘,锦山镇039乡道,10.05,09:27,6.9,0.2,0.25,
丁杰秋,5号塘,锦山镇039乡道,10.05,09:15,7.0,0.2,0.28,亚盐接近0.3⚠️
丁杰秋,6号塘,锦山镇039乡道,10.05,09:20,7.1,0.2,0.25,
陈吉,①号塘,抱罗镇抱风路,10.06,08:23,7.1,8.0,0.15,氨氮高量程;氨氮≥5⚠️
陈吉,②号塘,抱罗镇抱风路,10.06,08:30,7.2,0.6,0.2,
陈吉,③号塘,抱罗镇抱风路,10.06,08:35,7.1,0.9,0.25,
余中天,①号塘,冯坡镇龙南路,10.06,10:17,7.0,0.4,0.2,
余中天,②号塘,冯坡镇龙南路,10.06,10:22,7.0,5.0,0.1,氨氮高量程;氨氮≥5⚠️
余中天,③号塘,冯坡镇龙南路,10.06,10:25,7.1,3.0,0.25,氨氮高量程
丁开福,①号塘,冯坡镇蛟龙村,10.06,10:57,7.0,0.3,0.05,
丁开福,②号塘,冯坡镇蛟龙村,10.06,11:00,7.0,0.5,0.1,
丁开福,③号塘,冯坡镇蛟龙村,10.06,11:06,7.0,0.4,0.1,
丁开福,④号塘,冯坡镇宝坡村,10.06,11:08,7.0,0.6,0.05,
丁开福,⑤号塘,冯坡镇宝坡村,10.06,11:14,7.1,0.5,0.1,
丁开福,⑥号塘,冯坡镇南阳村,10.06,11:18,7.1,0.5,0.15,
章建龙,①号塘,冯坡镇拥军路,10.06,14:29,7.2,0.6,0.05,
章建龙,②号塘,冯坡镇拥军路,10.06,14:35,7.0,0.5,0.1,
章建龙,③号塘,冯坡镇拥军路,10.06,14:36,7.4,0.4,0.1,
丁杰秋,1号塘,大致坡基地（田尾泄）,10.07,08:46,7.0,0.9,0.2,
丁杰秋,2号塘,大致坡基地（田尾泄）,10.07,08:41,7.0,0.2,0.8,亚盐超量程估值0.8;鱼易浮头⚠️
丁杰秋,3号塘,大致坡基地（田尾泄）,10.07,08:36,7.0,0.5,0.8,亚盐超量程估值0.8;鱼易浮头⚠️
丁杰秋,4号塘,大致坡基地（田尾泄）,10.07,08:23,7.0,0.2,0.1,
丁杰秋,5号塘,大致坡基地（田尾泄）,10.07,08:25,7.0,0.2,0.1,
丁杰秋,6号塘,大致坡基地（田尾泄）,10.07,08:59,7.0,0.5,0.2,
丁杰秋,7号塘,大致坡基地（田尾泄）,10.07,09:02,7.2,0.9,0.1,
施君华,①号塘,锦山镇212省道,10.09,11:11,7.0,0.50,0.10,
施君华,②号塘,锦山镇212省道,10.09,11:09,7.0,0.90,0.10,
陈浩成,14:20,待补,10.10,14:20,7.4,,0.15,
陈浩成,14:23,待补,10.10,14:23,7.4,,0.10,
